Date,Issue Title,Description,Resolution,File
not received offer_letter,not received offer_letter,,2025-06-04T11:45:15.945162,
not received offer_letter,not received offer_letter,,2025-06-04T11:45:17.367125,
abcd,not received offer_letter,,2025-06-04T11:46:46.030319,
abcd,not received offer_letter,,2025-06-04T11:47:07.753676,
abcd,not received offer_letter,,2025-06-04T11:47:25.285522,
abcd,not received offer_letter,,2025-06-04T11:47:28.624123,
not received offer_letter,qwertyuio,[],2025-06-04T12:23:10.258404,
WhatsApp group,"Not added in any whatsapp group

Code:
Website link to get WhatsApp link:-
https://script.google.com/macros/s/AKfycbxdkZ83r-xwwKUvSKWvwriFcQ1tL2ZL38TCfhf2auwQA0nY-Va8RYh8APQr7oYreTKt/exec
",[],2025-06-04T12:40:05.056581,
WhatsApp group,"Not added in any whatsapp group

Code:
Website link to get WhatsApp link:- https://script.google.com/macros/s/AKfycbxdkZ83r-xwwKUvSKWvwriFcQ1tL2ZL38TCfhf2auwQA0nY-Va8RYh8APQr7oYreTKt/exec",[],2025-06-04T12:44:39.164672,
